[{"problemTitle":"Level 1","problemDesc":"Заменить все \"a\" на \"b\"","pairList":[{"l":"abc","r":"bbc"},{"l":"aaa","r":"bbb"},{"l":"ababa","r":"bbbbb"}]},{"problemTitle":"Level 2","problemDesc":"Заменить строчные буквы заглавными","pairList":[{"l":"abc","r":"ABC"},{"l":"aabbcc","r":"AABBCC"},{"l":"aCa","r":"ACA"}]},{"problemTitle":"Level 3","problemDesc":"Заменить повторяющиеся буквы одной","pairList":[{"l":"aabbbcc","r":"abc"},{"l":"abc","r":"abc"},{"l":"abaca","r":"abaca"}]},{"problemTitle":"Level 4","problemDesc":"Убрать повторяющиеся \"a\"","pairList":[{"l":"aaabcaa","r":"bc"},{"l":"aaa","r":""},{"l":"bcbcbc","r":"bcbcbc"}]}]